buble.bugle@gmail.com Alex Li
alexander.le815@gmail.com Alexander Le
michelle.le246@gmail.com Michelle Le
lemichael01@gmail.com Michael Le
lilyhue60@yahoo.com Hue Tran
jennifer.nguyen54@yahoo.com Jennifer Nguyen
shoppa212@yahoo.com Annie Tran
ti.nhiile@gmail.com Nhi Le
tarzan166156@yahoo.com Anh Le
leminhchau1309@gmail.com Chau Le
kafleyozone@gmail.com Ozone Kafley
eden.absar@gmail.com Eden Absar
uhcirclek@gmail.com Margaret Choi
kvha@ucdavis.edu Kevin Ha
sammie.chen97@gmail.com Sammie Chen
onlyzahrah13@gmail.com Fatimah Abidogun
cecilianguyendo@gmail.com Cecilia Nguyen-Do
rgandrade@uh.edu Rene Andrade
johntran10@gmail.com John Tran
nilcero.rewards@gmail.com Nicholas Sheen
dalondon@uh.edu Danielle London
dalcaraz97@gmail.com Daniel Alcaraz
ltg.division3s@gmail.com Regan Smith
ddeleon@law.uci.edu Darren De Leon
kdu@wellesley.edu Kyra Du
jennyvha00@gmail.com Jenny Ha
keyla.higa@gmail.com Keyla Higa
kmonaco@ithaca.edu Katelyn Monaco
emng16@gmail.com Emily Ng
malayasiy@gmail.com Malaya Siy
wesley.wei@vanderbilt.edu Wesley Wei
jessica.y.yan@gmail.com Jessica Yan
jzhon34@emory.edu Julia Zhong
cec01@bellsouth.net Cheyenne Cheng
jpcanteros@email.wm.edu John Patrick Canteros
rajavadee.2@osu.edu Ashley Rajavadee
kmiao@fandm.edu Kathleen Miao
kent.tong@ocanational.org Kent Tong
lily.lam5459@gmail.com Lily Lam
davidnguyeng@gmail.com David Nguyen
elena.dang13@gmail.com Elena Dang
ctmn215@gmail.com Chris Nguyen
Vialindale@gmail.com Linda Le
andrewtrinh8888@gmail.com Andrew Trinh
glenn.bentulan@gmail.com Glenn Bentulan
chintal.patel07@gmail.com Chintal Patel
vtangavelou@yahoo.com Vincent Tangavelou
gabrielle.nguyen.3@gmail.com Gabby Nguyen
glenda.cheng@gmail.com Glenda Cheng
atructran@gmail.com Alyssa Tran
robaabousaway1799@gmail.com Roba Abousaway
joshua.v.roy@gmail.com Joshua Roy
halderdebopriyo@gmail.com Debopriyo Halder
ahpham77@yahoo.com Alex Pham
kris10i06@gmail.com Kristen Iannello
hannahvarghese@utexas.edu Hannah Varghese
isabel28hurtado@gmail.com Isabel Hurtado
ruthacosta65@ymail.com Ruth Acosta
melissadinh@rocketmail.com Melissa Dinh
jewilliams100@gmail.com Joy Williams
Hoang10pham@gmail.com Hoang Pham
joseleyva0898@gmail.com Jose Leyva
cindyau@google.com Cindy Au
adrianbisnar@sbcglobal.net Adrian Bisnar
Jubigail@gmail.com Joy Capellan
Karen.g.2479@gmail.com Karen Garcia
kevincheng656@gmail.com Kevin Cheng
lisa.nguyen3856@gmail.com Lisa Nguyen
phlore44@gmail.com Lorena Huerta
miselin@rocketmail.com Megan Iselin
patricia.sieng@yahoo.com Patricia Sieng
swtharam541@gmail.com Swetha Ram
riotaing1@gmail.com Rebbecca Taing
ftshipchandler@uh.edu Fatema Shipchandler
melissayang96@gmail.com Melissa Yang
tjilani23@gmail.com Taha Jilani
zmallick98@gmail.com Zainub Mallick
emermz@gmail.com Emerald Zaw
roja.docs@gmail.com Roja Khan
cnpham0403@gmail.com Christine Pham
rshenoi59@gmail.com Rachel Shenoi
batranjay@gmail.com Anjay Batra
devanshisingh397@yahoo.com Devanshi Singh
divyakurian123@yahoo.com Divya Kurian
elissanguyen@yahoo.com Elissa Nguyen
h_khan97@icloud.com H Khan
maggiezhang27@yahoo.com Maggie Zhang
merrin.manalel@gmail.com Merrin Manalel
michellepham202@gmail.com Michelle Pham
pooja_agrawal@hotmail.com Pooja Agrawal
rahulpillai64@yahoo.com Rahul Pillai
rajiyer2006@yahoo.com Raj Iyer
sunnypatil97@hotmail.com Sunny Patil
tiffanyjlim1997@gmail.com Tiffany Lim
tmulamreddy@yahoo.com Trisha Mulamreddy
tracyngo777@yahoo.com Tracy Ngo
neeleshmut@gmail.com Neelesh Mutyala
pevans@uh.edu Paige Evans
sbotthbs@gmail.com Simon Bott
Sandra.Tyson@phs.hctx.net Sandra Tyson
dolphinloverqt@gmail.com Qt Tran
claudiabelenvicent@gmail.com Claudia Vicent
dmsviola1@att.net Josephine Weymon
JGPM_12@yahoo.com Justin Mason
mikey.dog30@gmail.com Michael Chung
ryanmas@comcast.net Ryan Mastriano
smartysri@hotmail.com Srishti Sanghvi
smileyrhylie@yahoo.com Rhylie Falsone
kuligolive@yahoo.com Olivia Kuligowski
ani522281@gmail.com Ani Chatterjee
bloom9078@gmail.com Carl Ferguson
goaliectc@gmail.com Chris Chuang
dkfhui@gmail.com Darren Hui
mfisseler@yahoo.com Matthew Fisseler
aaronlilienfeld@yahoo.com Aaron Lilienfeld
alexa.gueva1223@gmail.com Alexa Guevara
alyssamahal@gmail.com Alyssa Dalisay
andytran1996@yahoo.com Andy Tran
aestrada744@gmail.com Angela Estrada
angel912305@gmail.com Angelica Duong
aqhaque@uh.edu Anam Haque
arshia1495@yahoo.com Arshila Memon
napatsorn.go.22@gmail.com Bam Nakaporn
kingslashboss@gmail.com Brian Bui
spiraldiamond@yahoo.com Brooke Boatwright
luckydani2748@gmail.com Dani A
dulleshskeyclub@gmail.com Dulles Key
lightning9296thief@gmail.com Elena Aguinaga
southeasttexasltg@txokcki.org Emily Tran
estefanifernandez99@gmail.com Estefani Fernandez
fffelipon@gmail.com Felipe Farias
roy.gaurav2194@gmail.com Roy Gaurav
wecare@idrivesafely.com Driven Safe
info@doctorsforchange.org Dr Change
mario538717@gmail.com Mario Rodriguez
h_khan97@icloud.com Mohammad Khan
nuriachairez97@gmail.com Nuria Chairez
oscar.007@gmail.com Oscar Arriaga
parkreservations@sugarlandtx.gov Park Reservation
littlebear_susu@yahoo.com Summayah Abdullah
wounmeeyaka@gmail.com Wounmee Yaka
bowlcut88@gmail.com Eric Shen